<?xml version="1.0" encoding="utf-8"?>
<!--/13696271/663195/2.50/21/0/Integrated Circuit/-->
<quadcept_library>
  <setting unit="mil" />
  <textstyle name="Default" height="47.244094488189" strokewidth="7.8740157480315" charwidth="47.244094488189" />
  <textstyle name="Dimension" height="19.6850393700787" strokewidth="0" charwidth="19.6850393700787" />
  <textstyle name="H127W0635TH00762" height="50" strokewidth="3" charwidth="25" />
  <textstyle name="H15W15TH02" height="59.0551181102362" strokewidth="7.8740157480315" charwidth="59.0551181102362" />
  <padstyle name="r150_80" surface="True" plated="False" isvia="False" nopaste="False" nomask="True" complex="False" holesize="0">
    <padshape layer="TOP" shape="rectangle" width="31.496062992126" height="59.055118110235" />
    <padshape layer="TOP_SOLDER_MASK" shape="rectangle" width="39.370078740157" height="66.929133858267" />
    <padshape layer="TOP_SOLDER_PASTE" shape="rectangle" width="31.496062992126" height="59.055118110235" />
  </padstyle>
  <padstyle name="r480_480" surface="True" plated="False" isvia="False" nopaste="False" nomask="True" complex="False" holesize="0">
    <padshape layer="TOP" shape="rectangle" width="188.97637795275" height="188.97637795275" />
    <padshape layer="TOP_SOLDER_MASK" shape="rectangle" width="196.85039370078" height="196.85039370078" />
    <padshape layer="TOP_SOLDER_PASTE" shape="rectangle" width="188.97637795275" height="188.97637795275" />
  </padstyle>
  <footprint name="SCD40DR2" originx="0" originy="0" pickpointx="0" pickpointy="0">
    <pcbpin number="1" name="1" style="r150_80" originx="-157.48031496063" originy="98.425196850392" rotation="90" />
    <pcbpin number="2" name="2" style="r150_80" originx="-157.48031496063" originy="49.212598425196" rotation="90" />
    <pcbpin number="3" name="3" style="r150_80" originx="-157.48031496063" originy="0" rotation="90" />
    <pcbpin number="4" name="4" style="r150_80" originx="-157.48031496063" originy="-49.212598425196" rotation="90" />
    <pcbpin number="5" name="5" style="r150_80" originx="-157.48031496063" originy="-98.425196850392" rotation="90" />
    <pcbpin number="6" name="6" style="r150_80" originx="-98.425196850392" originy="-157.48031496063" rotation="0" />
    <pcbpin number="7" name="7" style="r150_80" originx="-49.212598425196" originy="-157.48031496063" rotation="0" />
    <pcbpin number="8" name="8" style="r150_80" originx="0" originy="-157.48031496063" rotation="0" />
    <pcbpin number="9" name="9" style="r150_80" originx="49.212598425196" originy="-157.48031496063" rotation="0" />
    <pcbpin number="10" name="10" style="r150_80" originx="98.425196850392" originy="-157.48031496063" rotation="0" />
    <pcbpin number="11" name="11" style="r150_80" originx="157.48031496063" originy="-98.425196850392" rotation="90" />
    <pcbpin number="12" name="12" style="r150_80" originx="157.48031496063" originy="-49.212598425196" rotation="90" />
    <pcbpin number="13" name="13" style="r150_80" originx="157.48031496063" originy="0" rotation="90" />
    <pcbpin number="14" name="14" style="r150_80" originx="157.48031496063" originy="49.212598425196" rotation="90" />
    <pcbpin number="15" name="15" style="r150_80" originx="157.48031496063" originy="98.425196850392" rotation="90" />
    <pcbpin number="16" name="16" style="r150_80" originx="98.425196850392" originy="157.48031496063" rotation="0" />
    <pcbpin number="17" name="17" style="r150_80" originx="49.212598425196" originy="157.48031496063" rotation="0" />
    <pcbpin number="18" name="18" style="r150_80" originx="0" originy="157.48031496063" rotation="0" />
    <pcbpin number="19" name="19" style="r150_80" originx="-49.212598425196" originy="157.48031496063" rotation="0" />
    <pcbpin number="20" name="20" style="r150_80" originx="-98.425196850392" originy="157.48031496063" rotation="0" />
    <pcbpin number="21" name="21" style="r480_480" originx="0" originy="0" rotation="0" />
    <line layer="TOP_ASSEMBLY" originx="-198.81889763779" originy="198.81889763779" endx="198.81889763779" endy="198.81889763779" width="3.9370078740157" />
    <line layer="TOP_ASSEMBLY" originx="198.81889763779" originy="198.81889763779" endx="198.81889763779" endy="-198.81889763779" width="3.9370078740157" />
    <line layer="TOP_ASSEMBLY" originx="198.81889763779" originy="-198.81889763779" endx="-198.81889763779" endy="-198.81889763779" width="3.9370078740157" />
    <line layer="TOP_ASSEMBLY" originx="-198.81889763779" originy="-198.81889763779" endx="-198.81889763779" endy="198.81889763779" width="3.9370078740157" />
    <line layer="TOP_PLACE_BOUND" originx="-238.18897637795" originy="238.18897637795" endx="238.18897637795" endy="238.18897637795" width="3.9370078740157" />
    <line layer="TOP_PLACE_BOUND" originx="238.18897637795" originy="238.18897637795" endx="238.18897637795" endy="-238.18897637795" width="3.9370078740157" />
    <line layer="TOP_PLACE_BOUND" originx="238.18897637795" originy="-238.18897637795" endx="-238.18897637795" endy="-238.18897637795" width="3.9370078740157" />
    <line layer="TOP_PLACE_BOUND" originx="-238.18897637795" originy="-238.18897637795" endx="-238.18897637795" endy="238.18897637795" width="3.9370078740157" />
    <line layer="TOP_SILKSCREEN" originx="-220.47244094488" originy="94.488188976377" endx="-220.47244094488" endy="94.488188976377" width="7.8740157480314" />
    <arc layer="TOP_SILKSCREEN" originx="-220.47244094488" originy="98.425196850392" startangle="-90.0" sweepangle="180.0" radius="3.9370078740157" width="7.8740157480314" />
    <line layer="TOP_SILKSCREEN" originx="-220.47244094488" originy="102.36220472441" endx="-220.47244094488" endy="102.36220472441" width="7.8740157480314" />
    <arc layer="TOP_SILKSCREEN" originx="-220.47244094488" originy="98.425196850392" startangle="90.0" sweepangle="180.0" radius="3.9370078740157" width="7.8740157480314" />
    <line layer="TOP_SILKSCREEN" originx="-137.79527559055" originy="198.81889763779" endx="-198.81889763779" endy="198.81889763779" width="7.8740157480314" />
    <line layer="TOP_SILKSCREEN" originx="-198.81889763779" originy="198.81889763779" endx="-198.81889763779" endy="137.79527559055" width="7.8740157480314" />
    <line layer="TOP_SILKSCREEN" originx="-137.79527559055" originy="-198.81889763779" endx="-198.81889763779" endy="-198.81889763779" width="7.8740157480314" />
    <line layer="TOP_SILKSCREEN" originx="-198.81889763779" originy="-198.81889763779" endx="-198.81889763779" endy="-137.79527559055" width="7.8740157480314" />
    <line layer="TOP_SILKSCREEN" originx="137.79527559055" originy="-198.81889763779" endx="198.81889763779" endy="-198.81889763779" width="7.8740157480314" />
    <line layer="TOP_SILKSCREEN" originx="198.81889763779" originy="-198.81889763779" endx="198.81889763779" endy="-137.79527559055" width="7.8740157480314" />
    <line layer="TOP_SILKSCREEN" originx="137.79527559055" originy="198.81889763779" endx="198.81889763779" endy="198.81889763779" width="7.8740157480314" />
    <line layer="TOP_SILKSCREEN" originx="198.81889763779" originy="198.81889763779" endx="198.81889763779" endy="137.79527559055" width="7.8740157480314" />
  </footprint>
  <symbol name="SCD40-D-R2" originx="0" originy="0">
    <line originx="200" originy="500" endx="1100" endy="500" width="0" />
    <line originx="1100" originy="-900" endx="1100" endy="500" width="0" />
    <line originx="1100" originy="-900" endx="200" endy="-900" width="0" />
    <line originx="200" originy="500" endx="200" endy="-900" width="0" />
    <sympin number="1" originx="200" originy="0" rotation="180" length="100" width="7.8740157480315" flipped="False">
      <text name="pinname" originx="230" originy="0" style="Default" rotation="0" justify="left" flipped="False" hidden="False" data="DNC_1" />
      <text name="pindes" originx="140" originy="20" style="Default" rotation="0" justify="lowerright" flipped="False" hidden="False" data="1" />
    </sympin>
    <sympin number="2" originx="200" originy="-100" rotation="180" length="100" width="7.8740157480315" flipped="False">
      <text name="pinname" originx="230" originy="-100" style="Default" rotation="0" justify="left" flipped="False" hidden="False" data="DNC_2" />
      <text name="pindes" originx="140" originy="-80" style="Default" rotation="0" justify="lowerright" flipped="False" hidden="False" data="2" />
    </sympin>
    <sympin number="3" originx="200" originy="-200" rotation="180" length="100" width="7.8740157480315" flipped="False">
      <text name="pinname" originx="230" originy="-200" style="Default" rotation="0" justify="left" flipped="False" hidden="False" data="DNC_3" />
      <text name="pindes" originx="140" originy="-180" style="Default" rotation="0" justify="lowerright" flipped="False" hidden="False" data="3" />
    </sympin>
    <sympin number="4" originx="200" originy="-300" rotation="180" length="100" width="7.8740157480315" flipped="False">
      <text name="pinname" originx="230" originy="-300" style="Default" rotation="0" justify="left" flipped="False" hidden="False" data="DNC_4" />
      <text name="pindes" originx="140" originy="-280" style="Default" rotation="0" justify="lowerright" flipped="False" hidden="False" data="4" />
    </sympin>
    <sympin number="5" originx="200" originy="-400" rotation="180" length="100" width="7.8740157480315" flipped="False">
      <text name="pinname" originx="230" originy="-400" style="Default" rotation="0" justify="left" flipped="False" hidden="False" data="DNC_5" />
      <text name="pindes" originx="140" originy="-380" style="Default" rotation="0" justify="lowerright" flipped="False" hidden="False" data="5" />
    </sympin>
    <sympin number="6" originx="400" originy="-900" rotation="270" length="100" width="7.8740157480315" flipped="False">
      <text name="pinname" originx="400" originy="-870" style="Default" rotation="0" justify="left" flipped="False" hidden="False" data="GND_1" />
      <text name="pindes" originx="380" originy="-960" style="Default" rotation="0" justify="lowerright" flipped="False" hidden="False" data="6" />
    </sympin>
    <sympin number="7" originx="500" originy="-900" rotation="270" length="100" width="7.8740157480315" flipped="False">
      <text name="pinname" originx="500" originy="-870" style="Default" rotation="0" justify="left" flipped="False" hidden="False" data="VDD" />
      <text name="pindes" originx="480" originy="-960" style="Default" rotation="0" justify="lowerright" flipped="False" hidden="False" data="7" />
    </sympin>
    <sympin number="8" originx="600" originy="-900" rotation="270" length="100" width="7.8740157480315" flipped="False">
      <text name="pinname" originx="600" originy="-870" style="Default" rotation="0" justify="left" flipped="False" hidden="False" data="DNC_6" />
      <text name="pindes" originx="580" originy="-960" style="Default" rotation="0" justify="lowerright" flipped="False" hidden="False" data="8" />
    </sympin>
    <sympin number="9" originx="700" originy="-900" rotation="270" length="100" width="7.8740157480315" flipped="False">
      <text name="pinname" originx="700" originy="-870" style="Default" rotation="0" justify="left" flipped="False" hidden="False" data="SCL" />
      <text name="pindes" originx="680" originy="-960" style="Default" rotation="0" justify="lowerright" flipped="False" hidden="False" data="9" />
    </sympin>
    <sympin number="10" originx="800" originy="-900" rotation="270" length="100" width="7.8740157480315" flipped="False">
      <text name="pinname" originx="800" originy="-870" style="Default" rotation="0" justify="left" flipped="False" hidden="False" data="SDA" />
      <text name="pindes" originx="780" originy="-960" style="Default" rotation="0" justify="lowerright" flipped="False" hidden="False" data="10" />
    </sympin>
    <sympin number="11" originx="1100" originy="-400" rotation="0" length="100" width="7.8740157480315" flipped="False">
      <text name="pinname" originx="1070" originy="-400" style="Default" rotation="0" justify="right" flipped="False" hidden="False" data="DNC_7" />
      <text name="pindes" originx="1160" originy="-380" style="Default" rotation="0" justify="lowerleft" flipped="False" hidden="False" data="11" />
    </sympin>
    <sympin number="12" originx="1100" originy="-300" rotation="0" length="100" width="7.8740157480315" flipped="False">
      <text name="pinname" originx="1070" originy="-300" style="Default" rotation="0" justify="right" flipped="False" hidden="False" data="DNC_8" />
      <text name="pindes" originx="1160" originy="-280" style="Default" rotation="0" justify="lowerleft" flipped="False" hidden="False" data="12" />
    </sympin>
    <sympin number="13" originx="1100" originy="-200" rotation="0" length="100" width="7.8740157480315" flipped="False">
      <text name="pinname" originx="1070" originy="-200" style="Default" rotation="0" justify="right" flipped="False" hidden="False" data="DNC_9" />
      <text name="pindes" originx="1160" originy="-180" style="Default" rotation="0" justify="lowerleft" flipped="False" hidden="False" data="13" />
    </sympin>
    <sympin number="14" originx="1100" originy="-100" rotation="0" length="100" width="7.8740157480315" flipped="False">
      <text name="pinname" originx="1070" originy="-100" style="Default" rotation="0" justify="right" flipped="False" hidden="False" data="DNC_10" />
      <text name="pindes" originx="1160" originy="-80" style="Default" rotation="0" justify="lowerleft" flipped="False" hidden="False" data="14" />
    </sympin>
    <sympin number="15" originx="1100" originy="0" rotation="0" length="100" width="7.8740157480315" flipped="False">
      <text name="pinname" originx="1070" originy="0" style="Default" rotation="0" justify="right" flipped="False" hidden="False" data="DNC_11" />
      <text name="pindes" originx="1160" originy="20" style="Default" rotation="0" justify="lowerleft" flipped="False" hidden="False" data="15" />
    </sympin>
    <sympin number="16" originx="900" originy="500" rotation="90" length="100" width="7.8740157480315" flipped="False">
      <text name="pinname" originx="900" originy="470" style="Default" rotation="0" justify="right" flipped="False" hidden="False" data="DNC_12" />
      <text name="pindes" originx="880" originy="560" style="Default" rotation="0" justify="lowerleft" flipped="False" hidden="False" data="16" />
    </sympin>
    <sympin number="17" originx="800" originy="500" rotation="90" length="100" width="7.8740157480315" flipped="False">
      <text name="pinname" originx="800" originy="470" style="Default" rotation="0" justify="right" flipped="False" hidden="False" data="DNC_13" />
      <text name="pindes" originx="780" originy="560" style="Default" rotation="0" justify="lowerleft" flipped="False" hidden="False" data="17" />
    </sympin>
    <sympin number="18" originx="700" originy="500" rotation="90" length="100" width="7.8740157480315" flipped="False">
      <text name="pinname" originx="700" originy="470" style="Default" rotation="0" justify="right" flipped="False" hidden="False" data="DNC_14" />
      <text name="pindes" originx="680" originy="560" style="Default" rotation="0" justify="lowerleft" flipped="False" hidden="False" data="18" />
    </sympin>
    <sympin number="19" originx="600" originy="500" rotation="90" length="100" width="7.8740157480315" flipped="False">
      <text name="pinname" originx="600" originy="470" style="Default" rotation="0" justify="right" flipped="False" hidden="False" data="VDDH" />
      <text name="pindes" originx="580" originy="560" style="Default" rotation="0" justify="lowerleft" flipped="False" hidden="False" data="19" />
    </sympin>
    <sympin number="20" originx="500" originy="500" rotation="90" length="100" width="7.8740157480315" flipped="False">
      <text name="pinname" originx="500" originy="470" style="Default" rotation="0" justify="right" flipped="False" hidden="False" data="GND_2" />
      <text name="pindes" originx="480" originy="560" style="Default" rotation="0" justify="lowerleft" flipped="False" hidden="False" data="20" />
    </sympin>
    <sympin number="21" originx="400" originy="500" rotation="90" length="100" width="7.8740157480315" flipped="False">
      <text name="pinname" originx="400" originy="470" style="Default" rotation="0" justify="right" flipped="False" hidden="False" data="GND_3" />
      <text name="pindes" originx="380" originy="560" style="Default" rotation="0" justify="lowerleft" flipped="False" hidden="False" data="21" />
    </sympin>
  </symbol>
  <component name="SCD40-D-R2" designatorprefix="IC" height="267.71653543307" footprint="SCD40DR2">
    <comppin designator="1" sympin="1" pinswap="0" gateswap="0" gate="1" group="1" side="" type="Any" name="DNC_1" />
    <comppin designator="2" sympin="2" pinswap="0" gateswap="0" gate="1" group="1" side="" type="Any" name="DNC_2" />
    <comppin designator="3" sympin="3" pinswap="0" gateswap="0" gate="1" group="1" side="" type="Any" name="DNC_3" />
    <comppin designator="4" sympin="4" pinswap="0" gateswap="0" gate="1" group="1" side="" type="Any" name="DNC_4" />
    <comppin designator="5" sympin="5" pinswap="0" gateswap="0" gate="1" group="1" side="" type="Any" name="DNC_5" />
    <comppin designator="6" sympin="6" pinswap="0" gateswap="0" gate="1" group="1" side="" type="Any" name="GND_1" />
    <comppin designator="7" sympin="7" pinswap="0" gateswap="0" gate="1" group="1" side="" type="Any" name="VDD" />
    <comppin designator="8" sympin="8" pinswap="0" gateswap="0" gate="1" group="1" side="" type="Any" name="DNC_6" />
    <comppin designator="9" sympin="9" pinswap="0" gateswap="0" gate="1" group="1" side="" type="Any" name="SCL" />
    <comppin designator="10" sympin="10" pinswap="0" gateswap="0" gate="1" group="1" side="" type="Any" name="SDA" />
    <comppin designator="11" sympin="11" pinswap="0" gateswap="0" gate="1" group="1" side="" type="Any" name="DNC_7" />
    <comppin designator="12" sympin="12" pinswap="0" gateswap="0" gate="1" group="1" side="" type="Any" name="DNC_8" />
    <comppin designator="13" sympin="13" pinswap="0" gateswap="0" gate="1" group="1" side="" type="Any" name="DNC_9" />
    <comppin designator="14" sympin="14" pinswap="0" gateswap="0" gate="1" group="1" side="" type="Any" name="DNC_10" />
    <comppin designator="15" sympin="15" pinswap="0" gateswap="0" gate="1" group="1" side="" type="Any" name="DNC_11" />
    <comppin designator="16" sympin="16" pinswap="0" gateswap="0" gate="1" group="1" side="" type="Any" name="DNC_12" />
    <comppin designator="17" sympin="17" pinswap="0" gateswap="0" gate="1" group="1" side="" type="Any" name="DNC_13" />
    <comppin designator="18" sympin="18" pinswap="0" gateswap="0" gate="1" group="1" side="" type="Any" name="DNC_14" />
    <comppin designator="19" sympin="19" pinswap="0" gateswap="0" gate="1" group="1" side="" type="Any" name="VDDH" />
    <comppin designator="20" sympin="20" pinswap="0" gateswap="0" gate="1" group="1" side="" type="Any" name="GND_2" />
    <comppin designator="21" sympin="21" pinswap="0" gateswap="0" gate="1" group="1" side="" type="Any" name="GND_3" />
    <attached_symbol gate="1" name="SCD40-D-R2" />
    <pinmap designator="1" footprintpin="1" />
    <pinmap designator="2" footprintpin="2" />
    <pinmap designator="3" footprintpin="3" />
    <pinmap designator="4" footprintpin="4" />
    <pinmap designator="5" footprintpin="5" />
    <pinmap designator="6" footprintpin="6" />
    <pinmap designator="7" footprintpin="7" />
    <pinmap designator="8" footprintpin="8" />
    <pinmap designator="9" footprintpin="9" />
    <pinmap designator="10" footprintpin="10" />
    <pinmap designator="11" footprintpin="11" />
    <pinmap designator="12" footprintpin="12" />
    <pinmap designator="13" footprintpin="13" />
    <pinmap designator="14" footprintpin="14" />
    <pinmap designator="15" footprintpin="15" />
    <pinmap designator="16" footprintpin="16" />
    <pinmap designator="17" footprintpin="17" />
    <pinmap designator="18" footprintpin="18" />
    <pinmap designator="19" footprintpin="19" />
    <pinmap designator="20" footprintpin="20" />
    <pinmap designator="21" footprintpin="21" />
    <text name="Datasheet" originx="0" originy="0" style="Default" rotation="0" justify="" flipped="False" hidden="True" data="https://www.arrow.com/en/products/scd40-d-r2/sensirion-ag" />
    <text name="Description" originx="0" originy="0" style="Default" rotation="0" justify="" flipped="False" hidden="True" data="Air Quality Sensor CO2 Sensor 2.5V/3.3V/5V 20-Pin SMD EP" />
    <text name="Manufacturer_Name" originx="0" originy="0" style="Default" rotation="0" justify="" flipped="False" hidden="True" data="Sensirion" />
    <text name="Manufacturer_Part_Number" originx="1150" originy="600" style="Default" rotation="0" justify="left" flipped="False" hidden="False" data="SCD40-D-R2" />
    <text name="Mouser Part Number" originx="0" originy="0" style="Default" rotation="0" justify="" flipped="False" hidden="True" data="403-SCD40-D-R2" />
    <text name="Mouser Price/Stock" originx="0" originy="0" style="Default" rotation="0" justify="" flipped="False" hidden="True" data="https://www.mouser.co.uk/ProductDetail/Sensirion/SCD40-D-R2?qs=HBWAp0VN4RjIKW%252BlMeZn1w%3D%3D" />
    <text name="Arrow Part Number" originx="0" originy="0" style="Default" rotation="0" justify="" flipped="False" hidden="True" data="SCD40-D-R2" />
    <text name="Arrow Price/Stock" originx="0" originy="0" style="Default" rotation="0" justify="" flipped="False" hidden="True" data="https://www.arrow.com/en/products/scd40-d-r2/sensirion-ag?region=nac" />
  </component>
</quadcept_library>
