<?xml version="1.0" encoding="utf-8"?>
<!--/378232/663195/2.50/4/4/Switch/-->
<quadcept_library>
  <setting unit="mil" />
  <textstyle name="Default" height="47.244094488189" strokewidth="7.8740157480315" charwidth="47.244094488189" />
  <textstyle name="Dimension" height="19.6850393700787" strokewidth="0" charwidth="19.6850393700787" />
  <textstyle name="H127W0635TH00762" height="50" strokewidth="3" charwidth="25" />
  <textstyle name="H15W15TH02" height="59.0551181102362" strokewidth="7.8740157480315" charwidth="59.0551181102362" />
  <padstyle name="r320_100" surface="True" plated="False" isvia="False" nopaste="False" nomask="True" complex="False" holesize="0">
    <padshape layer="TOP" shape="rectangle" width="39.370078740157" height="125.9842519685" />
    <padshape layer="TOP_SOLDER_MASK" shape="rectangle" width="47.244094488188" height="133.85826771653" />
    <padshape layer="TOP_SOLDER_PASTE" shape="rectangle" width="39.370078740157" height="125.9842519685" />
  </padstyle>
  <footprint name="EVQQ2" originx="0" originy="0" pickpointx="0" pickpointy="0">
    <pcbpin number="1" name="1" style="r320_100" originx="-133.85826771653" originy="78.740157480314" rotation="90" />
    <pcbpin number="2" name="2" style="r320_100" originx="-133.85826771653" originy="-78.740157480314" rotation="90" />
    <pcbpin number="3" name="3" style="r320_100" originx="133.85826771653" originy="-78.740157480314" rotation="90" />
    <pcbpin number="4" name="4" style="r320_100" originx="133.85826771653" originy="78.740157480314" rotation="90" />
    <line layer="TOP_ASSEMBLY" originx="-127.95275590551" originy="118.11023622047" endx="127.95275590551" endy="118.11023622047" width="9.9999999999999" />
    <line layer="TOP_ASSEMBLY" originx="127.95275590551" originy="118.11023622047" endx="127.95275590551" endy="-118.11023622047" width="9.9999999999999" />
    <line layer="TOP_ASSEMBLY" originx="127.95275590551" originy="-118.11023622047" endx="-127.95275590551" endy="-118.11023622047" width="9.9999999999999" />
    <line layer="TOP_ASSEMBLY" originx="-127.95275590551" originy="-118.11023622047" endx="-127.95275590551" endy="118.11023622047" width="9.9999999999999" />
    <line layer="TOP_SILKSCREEN" originx="-127.95275590551" originy="118.11023622047" endx="127.95275590551" endy="118.11023622047" width="9.9999999999999" />
    <line layer="TOP_SILKSCREEN" originx="-127.95275590551" originy="-118.11023622047" endx="127.95275590551" endy="-118.11023622047" width="9.9999999999999" />
    <line layer="TOP_SILKSCREEN" originx="-127.95275590551" originy="43.307086614173" endx="-127.95275590551" endy="-43.307086614173" width="9.9999999999999" />
    <line layer="TOP_SILKSCREEN" originx="127.95275590551" originy="43.307086614173" endx="127.95275590551" endy="-43.307086614173" width="9.9999999999999" />
    <arc layer="TOP_SILKSCREEN" originx="-221.88976377952" originy="113.50393700787" startangle="180" sweepangle="180" radius="4.3700787401574" width="9.9999999999999" />
    <arc layer="TOP_SILKSCREEN" originx="-221.88976377952" originy="113.50393700787" startangle="180" sweepangle="-180" radius="4.3700787401574" width="9.9999999999999" />
  </footprint>
  <symbol name="EVQ-Q2F03W" originx="0" originy="0">
    <line originx="200" originy="100" endx="1100" endy="100" width="0" />
    <line originx="1100" originy="-200" endx="1100" endy="100" width="0" />
    <line originx="1100" originy="-200" endx="200" endy="-200" width="0" />
    <line originx="200" originy="100" endx="200" endy="-200" width="0" />
    <sympin number="1" originx="200" originy="0" rotation="180" length="100" width="7.8740157480315" flipped="False">
      <text name="pinname" originx="230" originy="0" style="Default" rotation="0" justify="left" flipped="False" hidden="False" data="A_COM" />
      <text name="pindes" originx="140" originy="20" style="Default" rotation="0" justify="lowerright" flipped="False" hidden="False" data="1" />
    </sympin>
    <sympin number="2" originx="200" originy="-100" rotation="180" length="100" width="7.8740157480315" flipped="False">
      <text name="pinname" originx="230" originy="-100" style="Default" rotation="0" justify="left" flipped="False" hidden="False" data="A&apos;_COM" />
      <text name="pindes" originx="140" originy="-80" style="Default" rotation="0" justify="lowerright" flipped="False" hidden="False" data="2" />
    </sympin>
    <sympin number="3" originx="1100" originy="-100" rotation="0" length="100" width="7.8740157480315" flipped="False">
      <text name="pinname" originx="1070" originy="-100" style="Default" rotation="0" justify="right" flipped="False" hidden="False" data="B_NO" />
      <text name="pindes" originx="1160" originy="-80" style="Default" rotation="0" justify="lowerleft" flipped="False" hidden="False" data="3" />
    </sympin>
    <sympin number="4" originx="1100" originy="0" rotation="0" length="100" width="7.8740157480315" flipped="False">
      <text name="pinname" originx="1070" originy="0" style="Default" rotation="0" justify="right" flipped="False" hidden="False" data="B&apos;_NO" />
      <text name="pindes" originx="1160" originy="20" style="Default" rotation="0" justify="lowerleft" flipped="False" hidden="False" data="4" />
    </sympin>
  </symbol>
  <component name="EVQ-Q2F03W" designatorprefix="S" height="0" footprint="EVQQ2">
    <comppin designator="1" sympin="1" pinswap="0" gateswap="0" gate="1" group="1" side="" type="Any" name="A_COM" />
    <comppin designator="2" sympin="2" pinswap="0" gateswap="0" gate="1" group="1" side="" type="Any" name="A&apos;_COM" />
    <comppin designator="3" sympin="3" pinswap="0" gateswap="0" gate="1" group="1" side="" type="Any" name="B_NO" />
    <comppin designator="4" sympin="4" pinswap="0" gateswap="0" gate="1" group="1" side="" type="Any" name="B&apos;_NO" />
    <attached_symbol gate="1" name="EVQ-Q2F03W" />
    <pinmap designator="1" footprintpin="1" />
    <pinmap designator="2" footprintpin="2" />
    <pinmap designator="3" footprintpin="3" />
    <pinmap designator="4" footprintpin="4" />
    <text name="Datasheet" originx="0" originy="0" style="Default" rotation="0" justify="" flipped="False" hidden="True" data="https://www3.panasonic.biz/ac/e_download/control/switch/light-touch/catalog/sw_lt_eng_6s_th.pdf?f_cd=402892&amp;via=ok" />
    <text name="Description" originx="0" originy="0" style="Default" rotation="0" justify="" flipped="False" hidden="True" data="PANASONIC - EVQ-Q2F03W - SWITCH, TACTILE, SPST-NO, 20mA, 15VDC, SMD" />
    <text name="Manufacturer_Name" originx="0" originy="0" style="Default" rotation="0" justify="" flipped="False" hidden="True" data="Panasonic" />
    <text name="Manufacturer_Part_Number" originx="1150" originy="200" style="Default" rotation="0" justify="left" flipped="False" hidden="False" data="EVQ-Q2F03W" />
    <text name="Mouser Part Number" originx="0" originy="0" style="Default" rotation="0" justify="" flipped="False" hidden="True" data="667-EVQ-Q2F03W" />
    <text name="Mouser Price/Stock" originx="0" originy="0" style="Default" rotation="0" justify="" flipped="False" hidden="True" data="https://www.mouser.co.uk/ProductDetail/Panasonic/EVQ-Q2F03W?qs=Ow%252BOiPmaljH6DIy%252BzcnPCg%3D%3D" />
    <text name="Arrow Part Number" originx="0" originy="0" style="Default" rotation="0" justify="" flipped="False" hidden="True" data="EVQ-Q2F03W" />
    <text name="Arrow Price/Stock" originx="0" originy="0" style="Default" rotation="0" justify="" flipped="False" hidden="True" data="https://www.arrow.com/en/products/evq-q2f03w/panasonic" />
  </component>
</quadcept_library>
