<?xml version="1.0" encoding="utf-8"?>
<!--/549551/663195/2.50/5/4/Undefined or Miscellaneous/-->
<quadcept_library>
  <setting unit="mil" />
  <textstyle name="Default" height="47.244094488189" strokewidth="7.8740157480315" charwidth="47.244094488189" />
  <textstyle name="Dimension" height="19.6850393700787" strokewidth="0" charwidth="19.6850393700787" />
  <textstyle name="H127W0635TH00762" height="50" strokewidth="3" charwidth="25" />
  <textstyle name="H15W15TH02" height="59.0551181102362" strokewidth="7.8740157480315" charwidth="59.0551181102362" />
  <padstyle name="c230_h100" surface="False" plated="True" isvia="False" nopaste="True" nomask="True" complex="False" holesize="39.370078740157">
    <padshape layer="TOP" shape="round" width="90.551181102361" height="90.551181102361" />
    <padshape layer="TOP_SOLDER_MASK" shape="round" width="98.425196850392" height="98.425196850392" />
    <padshape layer="INNER" shape="round" width="90.551181102361" height="90.551181102361" />
    <padshape layer="BOTTOM" shape="round" width="90.551181102361" height="90.551181102361" />
    <padshape layer="BOTTOM_SOLDER_MASK" shape="round" width="98.425196850392" height="98.425196850392" />
  </padstyle>
  <padstyle name="c1780" surface="True" plated="False" isvia="False" nopaste="False" nomask="True" complex="False" holesize="0">
    <padshape layer="TOP" shape="round" width="700.78740157479" height="700.78740157479" />
    <padshape layer="TOP_SOLDER_MASK" shape="round" width="708.66141732283" height="708.66141732283" />
    <padshape layer="TOP_SOLDER_PASTE" shape="round" width="700.78740157479" height="700.78740157479" />
  </padstyle>
  <footprint name="BATHLD001THM" originx="0" originy="0" pickpointx="0" pickpointy="0">
    <pcbpin number="1" name="1" style="c230_h100" originx="-409.44881889763" originy="59.055118110235" rotation="90" />
    <pcbpin number="2" name="2" style="c230_h100" originx="-409.44881889763" originy="-62.992125984251" rotation="90" />
    <pcbpin number="3" name="3" style="c230_h100" originx="409.44881889763" originy="-62.992125984251" rotation="90" />
    <pcbpin number="4" name="4" style="c230_h100" originx="409.44881889763" originy="59.055118110235" rotation="90" />
    <pcbpin number="5" name="5" style="c1780" originx="0" originy="0" rotation="90" />
    <line layer="TOP_ASSEMBLY" originx="-415.35433070866" originy="305.11811023622" endx="415.35433070866" endy="305.11811023622" width="7.8740157480314" />
    <line layer="TOP_ASSEMBLY" originx="415.35433070866" originy="305.11811023622" endx="415.35433070866" endy="-305.11811023622" width="7.8740157480314" />
    <line layer="TOP_ASSEMBLY" originx="415.35433070866" originy="-305.11811023622" endx="-415.35433070866" endy="-305.11811023622" width="7.8740157480314" />
    <line layer="TOP_ASSEMBLY" originx="-415.35433070866" originy="-305.11811023622" endx="-415.35433070866" endy="305.11811023622" width="7.8740157480314" />
    <line layer="TOP_PLACE_BOUND" originx="-476.3779527559" originy="370.07874015748" endx="476.3779527559" endy="370.07874015748" width="3.9370078740157" />
    <line layer="TOP_PLACE_BOUND" originx="476.3779527559" originy="370.07874015748" endx="476.3779527559" endy="-370.07874015748" width="3.9370078740157" />
    <line layer="TOP_PLACE_BOUND" originx="476.3779527559" originy="-370.07874015748" endx="-476.3779527559" endy="-370.07874015748" width="3.9370078740157" />
    <line layer="TOP_PLACE_BOUND" originx="-476.3779527559" originy="-370.07874015748" endx="-476.3779527559" endy="370.07874015748" width="3.9370078740157" />
    <line layer="TOP_SILKSCREEN" originx="196.85039370078" originy="305.11811023622" endx="413.58267716535" endy="305.11811023622" width="3.9370078740157" />
    <line layer="TOP_SILKSCREEN" originx="413.58267716535" originy="305.11811023622" endx="415.35433070866" endy="137.79527559055" width="3.9370078740157" />
    <line layer="TOP_SILKSCREEN" originx="415.35433070866" originy="-137.79527559055" endx="415.35433070866" endy="-305.11811023622" width="3.9370078740157" />
    <line layer="TOP_SILKSCREEN" originx="415.35433070866" originy="-305.11811023622" endx="216.53543307086" endy="-305.11811023622" width="3.9370078740157" />
    <line layer="TOP_SILKSCREEN" originx="-196.85039370078" originy="305.11811023622" endx="-415.35433070866" endy="305.11811023622" width="3.9370078740157" />
    <line layer="TOP_SILKSCREEN" originx="-415.35433070866" originy="305.11811023622" endx="-415.35433070866" endy="137.79527559055" width="3.9370078740157" />
    <line layer="TOP_SILKSCREEN" originx="-415.35433070866" originy="-137.79527559055" endx="-415.35433070866" endy="-305.11811023622" width="3.9370078740157" />
    <line layer="TOP_SILKSCREEN" originx="-415.35433070866" originy="-305.11811023622" endx="-216.53543307086" endy="-305.11811023622" width="3.9370078740157" />
  </footprint>
  <symbol name="BAT-HLD-001-THM" originx="0" originy="0">
    <line originx="200" originy="100" endx="600" endy="100" width="0" />
    <line originx="600" originy="-300" endx="600" endy="100" width="0" />
    <line originx="600" originy="-300" endx="200" endy="-300" width="0" />
    <line originx="200" originy="100" endx="200" endy="-300" width="0" />
    <sympin number="1" originx="200" originy="0" rotation="180" length="100" width="7.8740157480315" flipped="False">
      <text name="pinname" originx="230" originy="0" style="Default" rotation="0" justify="left" flipped="False" hidden="False" data="1" />
      <text name="pindes" originx="140" originy="20" style="Default" rotation="0" justify="lowerright" flipped="False" hidden="False" data="1" />
    </sympin>
    <sympin number="2" originx="200" originy="-100" rotation="180" length="100" width="7.8740157480315" flipped="False">
      <text name="pinname" originx="230" originy="-100" style="Default" rotation="0" justify="left" flipped="False" hidden="False" data="2" />
      <text name="pindes" originx="140" originy="-80" style="Default" rotation="0" justify="lowerright" flipped="False" hidden="False" data="2" />
    </sympin>
    <sympin number="3" originx="200" originy="-200" rotation="180" length="100" width="7.8740157480315" flipped="False">
      <text name="pinname" originx="230" originy="-200" style="Default" rotation="0" justify="left" flipped="False" hidden="False" data="3" />
      <text name="pindes" originx="140" originy="-180" style="Default" rotation="0" justify="lowerright" flipped="False" hidden="False" data="3" />
    </sympin>
    <sympin number="4" originx="600" originy="0" rotation="0" length="100" width="7.8740157480315" flipped="False">
      <text name="pinname" originx="570" originy="0" style="Default" rotation="0" justify="right" flipped="False" hidden="False" data="4" />
      <text name="pindes" originx="660" originy="20" style="Default" rotation="0" justify="lowerleft" flipped="False" hidden="False" data="4" />
    </sympin>
    <sympin number="5" originx="600" originy="-100" rotation="0" length="100" width="7.8740157480315" flipped="False">
      <text name="pinname" originx="570" originy="-100" style="Default" rotation="0" justify="right" flipped="False" hidden="False" data="5" />
      <text name="pindes" originx="660" originy="-80" style="Default" rotation="0" justify="lowerleft" flipped="False" hidden="False" data="5" />
    </sympin>
  </symbol>
  <component name="BAT-HLD-001-THM" designatorprefix="U" height="165.35433070866" footprint="BATHLD001THM">
    <comppin designator="1" sympin="1" pinswap="0" gateswap="0" gate="1" group="1" side="" type="Any" name="1" />
    <comppin designator="2" sympin="2" pinswap="0" gateswap="0" gate="1" group="1" side="" type="Any" name="2" />
    <comppin designator="3" sympin="3" pinswap="0" gateswap="0" gate="1" group="1" side="" type="Any" name="3" />
    <comppin designator="4" sympin="4" pinswap="0" gateswap="0" gate="1" group="1" side="" type="Any" name="4" />
    <comppin designator="5" sympin="5" pinswap="0" gateswap="0" gate="1" group="1" side="" type="Any" name="5" />
    <attached_symbol gate="1" name="BAT-HLD-001-THM" />
    <pinmap designator="1" footprintpin="1" />
    <pinmap designator="2" footprintpin="2" />
    <pinmap designator="3" footprintpin="3" />
    <pinmap designator="4" footprintpin="4" />
    <pinmap designator="5" footprintpin="5" />
    <text name="Datasheet" originx="0" originy="0" style="Default" rotation="0" justify="" flipped="False" hidden="True" data="http://www.mouser.com/datasheet/2/238/BAT-HLD-001-THM Diagram-1175214.pdf" />
    <text name="Description" originx="0" originy="0" style="Default" rotation="0" justify="" flipped="False" hidden="True" data="Coin Cell Battery Holders Bat Hld CR2032/2025 Through-hole Mount" />
    <text name="Manufacturer_Name" originx="0" originy="0" style="Default" rotation="0" justify="" flipped="False" hidden="True" data="Linx Technologies" />
    <text name="Manufacturer_Part_Number" originx="650" originy="200" style="Default" rotation="0" justify="left" flipped="False" hidden="False" data="BAT-HLD-001-THM" />
    <text name="Mouser Part Number" originx="0" originy="0" style="Default" rotation="0" justify="" flipped="False" hidden="True" data="712-BAT-HLD-001-THM" />
    <text name="Mouser Price/Stock" originx="0" originy="0" style="Default" rotation="0" justify="" flipped="False" hidden="True" data="https://www.mouser.co.uk/ProductDetail/Linx-Technologies/BAT-HLD-001-THM?qs=Z0V%2FpEl%252BOGcluj3h2QTrDw%3D%3D" />
    <text name="Arrow Part Number" originx="0" originy="0" style="Default" rotation="0" justify="" flipped="False" hidden="True" data="" />
    <text name="Arrow Price/Stock" originx="0" originy="0" style="Default" rotation="0" justify="" flipped="False" hidden="True" data="" />
  </component>
</quadcept_library>
