<?xml version="1.0" encoding="utf-8"?>
<!--/679267/663195/2.50/3/4/Undefined or Miscellaneous/-->
<quadcept_library>
  <setting unit="mil" />
  <textstyle name="Default" height="47.244094488189" strokewidth="7.8740157480315" charwidth="47.244094488189" />
  <textstyle name="Dimension" height="19.6850393700787" strokewidth="0" charwidth="19.6850393700787" />
  <textstyle name="H127W0635TH00762" height="50" strokewidth="3" charwidth="25" />
  <textstyle name="H15W15TH02" height="59.0551181102362" strokewidth="7.8740157480315" charwidth="59.0551181102362" />
  <padstyle name="s320" surface="True" plated="False" isvia="False" nopaste="False" nomask="True" complex="False" holesize="0">
    <padshape layer="TOP" shape="square" width="125.9842519685" height="125.9842519685" />
    <padshape layer="TOP_SOLDER_MASK" shape="square" width="133.85826771653" height="133.85826771653" />
    <padshape layer="TOP_SOLDER_PASTE" shape="square" width="125.9842519685" height="125.9842519685" />
  </padstyle>
  <footprint name="SMTM1225" originx="0" originy="0" pickpointx="0" pickpointy="0">
    <pcbpin number="1" name="1" style="s320" originx="-316.92913385826" originy="0" rotation="90" />
    <pcbpin number="2" name="2" style="s320" originx="0" originy="0" rotation="90" />
    <pcbpin number="3" name="3" style="s320" originx="316.92913385826" originy="0" rotation="90" />
    <line layer="TOP_ASSEMBLY" originx="-259.84251968504" originy="208.66141732283" endx="-259.84251968504" endy="-208.66141732283" width="9.9999999999999" />
    <line layer="TOP_ASSEMBLY" originx="259.84251968504" originy="208.66141732283" endx="259.84251968504" endy="-208.66141732283" width="9.9999999999999" />
    <line layer="TOP_ASSEMBLY" originx="-259.84251968504" originy="-208.66141732283" endx="-188.11023622047" endy="-208.66141732283" width="9.9999999999999" />
    <line layer="TOP_ASSEMBLY" originx="259.84251968504" originy="-208.66141732283" endx="188.11023622047" endy="-208.66141732283" width="9.9999999999999" />
    <arc layer="TOP_ASSEMBLY" originx="-0.00019685039369333" originy="-389.00885826771" startangle="136.2" sweepangle="-92.4" radius="260.5966535433" width="9.9999999999999" />
    <line layer="TOP_ASSEMBLY" originx="259.84251968504" originy="208.66141732283" endx="141.85039370079" endy="208.66141732283" width="9.9999999999999" />
    <line layer="TOP_ASSEMBLY" originx="-259.84251968504" originy="208.66141732283" endx="-141.85039370079" endy="208.66141732283" width="9.9999999999999" />
    <arc layer="TOP_ASSEMBLY" originx="-0.00019685039369333" originy="403.31673228346" startangle="233.9" sweepangle="72.2" radius="240.85728346456" width="9.9999999999999" />
    <line layer="TOP_SILKSCREEN" originx="-259.84251968504" originy="-208.66141732283" endx="-188.11023622047" endy="-208.66141732283" width="9.9999999999999" />
    <line layer="TOP_SILKSCREEN" originx="188.11023622047" originy="-208.66141732283" endx="259.84251968504" endy="-208.66141732283" width="9.9999999999999" />
    <line layer="TOP_SILKSCREEN" originx="259.84251968504" originy="208.66141732283" endx="141.85039370079" endy="208.66141732283" width="9.9999999999999" />
    <line layer="TOP_SILKSCREEN" originx="-141.85039370079" originy="208.66141732283" endx="-259.84251968504" endy="208.66141732283" width="9.9999999999999" />
    <arc layer="TOP_SILKSCREEN" originx="0.00019685039365837" originy="403.22027559055" startangle="233.9" sweepangle="72.2" radius="240.77933070866" width="9.9999999999999" />
    <arc layer="TOP_SILKSCREEN" originx="-0.00019685039365837" originy="-388.92342519685" startangle="43.8" sweepangle="92.4" radius="260.53759842519" width="9.9999999999999" />
    <line layer="TOP_SILKSCREEN" originx="-259.84251968504" originy="-208.66141732283" endx="-259.84251968504" endy="-76.771653543306" width="9.9999999999999" />
    <line layer="TOP_SILKSCREEN" originx="-259.84251968504" originy="208.66141732283" endx="-259.84251968504" endy="76.771653543306" width="9.9999999999999" />
    <line layer="TOP_SILKSCREEN" originx="259.84251968504" originy="208.66141732283" endx="259.84251968504" endy="76.771653543306" width="9.9999999999999" />
    <line layer="TOP_SILKSCREEN" originx="259.84251968504" originy="-208.66141732283" endx="259.84251968504" endy="-76.771653543306" width="9.9999999999999" />
    <arc layer="TOP_SILKSCREEN" originx="-420.66929133858" originy="1.4566929133858" startangle="180" sweepangle="180" radius="3.2649606299212" width="9.9999999999999" />
    <arc layer="TOP_SILKSCREEN" originx="-420.66929133858" originy="1.4566929133858" startangle="180" sweepangle="-180" radius="3.2649606299212" width="9.9999999999999" />
  </footprint>
  <symbol name="SMTM1225" originx="0" originy="0">
    <line originx="200" originy="100" endx="700" endy="100" width="0" />
    <line originx="700" originy="-300" endx="700" endy="100" width="0" />
    <line originx="700" originy="-300" endx="200" endy="-300" width="0" />
    <line originx="200" originy="100" endx="200" endy="-300" width="0" />
    <sympin number="1" originx="200" originy="0" rotation="180" length="100" width="7.8740157480315" flipped="False">
      <text name="pinname" originx="230" originy="0" style="Default" rotation="0" justify="left" flipped="False" hidden="False" data="+_1" />
      <text name="pindes" originx="140" originy="20" style="Default" rotation="0" justify="lowerright" flipped="False" hidden="False" data="1" />
    </sympin>
    <sympin number="2" originx="200" originy="-100" rotation="180" length="100" width="7.8740157480315" flipped="False">
      <text name="pinname" originx="230" originy="-100" style="Default" rotation="0" justify="left" flipped="False" hidden="False" data="-" />
      <text name="pindes" originx="140" originy="-80" style="Default" rotation="0" justify="lowerright" flipped="False" hidden="False" data="2" />
    </sympin>
    <sympin number="3" originx="200" originy="-200" rotation="180" length="100" width="7.8740157480315" flipped="False">
      <text name="pinname" originx="230" originy="-200" style="Default" rotation="0" justify="left" flipped="False" hidden="False" data="+_2" />
      <text name="pindes" originx="140" originy="-180" style="Default" rotation="0" justify="lowerright" flipped="False" hidden="False" data="3" />
    </sympin>
  </symbol>
  <component name="SMTM1225" designatorprefix="U" height="0" footprint="SMTM1225">
    <comppin designator="1" sympin="1" pinswap="0" gateswap="0" gate="1" group="1" side="" type="Any" name="+_1" />
    <comppin designator="2" sympin="2" pinswap="0" gateswap="0" gate="1" group="1" side="" type="Any" name="-" />
    <comppin designator="3" sympin="3" pinswap="0" gateswap="0" gate="1" group="1" side="" type="Any" name="+_2" />
    <attached_symbol gate="1" name="SMTM1225" />
    <pinmap designator="1" footprintpin="1" />
    <pinmap designator="2" footprintpin="2" />
    <pinmap designator="3" footprintpin="3" />
    <text name="Datasheet" originx="0" originy="0" style="Default" rotation="0" justify="" flipped="False" hidden="True" data="http://www.mouser.com/ds/2/346/3.9226.4-3_SMTM1225-258011.pdf" />
    <text name="Description" originx="0" originy="0" style="Default" rotation="0" justify="" flipped="False" hidden="True" data="Coin Cell Battery Holders SMT HOLDER FOR CR1225" />
    <text name="Manufacturer_Name" originx="0" originy="0" style="Default" rotation="0" justify="" flipped="False" hidden="True" data="RENATA" />
    <text name="Manufacturer_Part_Number" originx="750" originy="200" style="Default" rotation="0" justify="left" flipped="False" hidden="False" data="SMTM1225" />
    <text name="Mouser Part Number" originx="0" originy="0" style="Default" rotation="0" justify="" flipped="False" hidden="True" data="614-SMTM1225" />
    <text name="Mouser Price/Stock" originx="0" originy="0" style="Default" rotation="0" justify="" flipped="False" hidden="True" data="https://www.mouser.co.uk/ProductDetail/Renata/SMTM1225?qs=aopNjFtpd%2Fv83efERMLOpQ%3D%3D" />
    <text name="Arrow Part Number" originx="0" originy="0" style="Default" rotation="0" justify="" flipped="False" hidden="True" data="" />
    <text name="Arrow Price/Stock" originx="0" originy="0" style="Default" rotation="0" justify="" flipped="False" hidden="True" data="" />
  </component>
</quadcept_library>
